modelo,accuracy,recall,f1_score
RandomForest,0.7727272727272727,0.6111111111111112,0.6534653465346535
LogisticRegression,0.7077922077922078,0.5,0.5454545454545454
