variavel,importancia
Glucose,0.27261611002722747
BMI,0.16368829905726048
DiabetesPedigreeFunction,0.12492654618190294
Age,0.11305733152718941
Insulin,0.08939458108286717
BloodPressure,0.08433683881128969
Pregnancies,0.08079321434381674
SkinThickness,0.07118707896844603
