Outcome,Glucose,BMI,Insulin,Age,Pregnancies
0,109.98,30.3042,68.792,31.19,3.298
1,141.25746268656715,35.14253731343284,100.33582089552239,37.06716417910448,4.865671641791045
