Outcome,contagem,percentual
0,500,65.10416666666666
1,268,34.89583333333333
