,zeros,percentual_zeros
Insulin,374,48.69791666666667
SkinThickness,227,29.557291666666668
BloodPressure,35,4.557291666666666
BMI,11,1.4322916666666665
Glucose,5,0.6510416666666667
